{
    "abilityNames": {
        "3261": "Rage",
        "3264": "Sheep Song",
        "3270": "Roar",
        "3280": "Sonic Wave",
        "3284": "Cold Stare",
        "3285": "Whistle",
        "3286": "Berserk",
        "3324": "Photosynthesis",
        "3339": "Hi-Freq Field",
        "3341": "Rhino Guard",
        "3344": "Sticky Thread",
        "3346": "Cocoon",
        "3372": "Infrasonics",
        "3373": "Secretion",
        "3387": "Heavy Bellow",
        "3390": "Mirage",
        "3391": "Aura of Persistence",
        "3392": "Ultrasonics",
        "3402": "Feather Barrier",
        "3418": "Regeneration",
        "3434": "Soporific",
        "3435": "Palsy Pollen",
        "3443": "Bubble Curtain",
        "3445": "Scissor Guard",
        "3448": "Metallic Body",
        "3449": "Intimidate",
        "3453": "Water Wall",
        "3454": "Water Shield",
        "3459": "Hard Membrane",
        "3467": "Rot Gas",
        "3476": "Curse",
        "3497": "Lowing",
        "3501": "Frightful Roar",
        "3503": "Unblest Armor",
        "3510": "Berserk",
        "3517": "Numbing Noise",
        "3522": "Spectral Barrier",
        "3525": "Battery Charge",
        "3537": "Berserk",
        "3541": "Gravity Field",
        "3551": "Mind Break",
        "3552": "Binding Wave",
        "3553": "Airy Shield",
        "3555": "Magic Barrier",
        "3557": "Level 5 Petrify",
        "3562": "Reactive Armor",
        "3563": "Demonic Howl",
        "3569": "Refueling",
        "3577": "Jettatura",
        "3580": "Fantod",
        "3588": "Death Trap",
        "3598": "Berserk",
        "3608": "Arm Block",
        "3614": "Shell Guard",
        "3619": "Parry",
        "3632": "Flame Armor",
        "3633": "Howl",
        "3674": "Crystal Shield",
        "3688": "Quadrastrike",
        "3690": "Hundred Fists",
        "3691": "Soul Drain",
        "3692": "Chainspell",
        "3693": "Perfect Dodge",
        "3694": "Invincible",
        "3695": "Blood Weapon",
        "3696": "Soul Voice",
        "3730": "Meikyo Shisui",
        "3734": "Astral Flow",
        "3750": "Stygian Flatus",
        "3752": "Promyvion Barrier",
        "3784": "Sigh",
        "3807": "Harden Shell",
        "3815": "Wind Wall",
        "3817": "Dread Shriek",
        "4023": "Astral Flow",
        "4066": "Fanatic Dance",
        "4078": "Shell Guard",
        "4079": "Howl",
        "4082": "Smokebomb",
        "4086": "Paralysis Shower",
        "4113": "Tormentful Glare",
        "4219": "Hexagon Belt",
        "4220": "Auroral Drape",
        "4232": "Murk",
        "4233": "Material Fend",
        "4244": "Stygian Vapor",
        "4252": "Shadow Spread",
        "4255": "Occultation",
        "4305": "Absolute Terror",
        "4350": "Ink Cloud",
        "4351": "Molluscous Mutation",
        "4352": "Saline Coat",
        "4358": "Plasma Charge",
        "4366": "Temporal Shift",
        "4368": "Rapid Molt",
        "4382": "Crystalline Cocoon",
        "4441": "Actinic Burst",
        "4449": "Stupor Spores",
        "4452": "Axial Bloom",
        "4463": "Reactor Cool",
        "4485": "Hundred Fists",
        "4504": "Wheel of Impregnability",
        "4506": "Winds of Oblivion",
        "4709": "Abrasive Tantara",
        "4710": "Deafening Tantara",
        "4788": "Ululation",
        "4789": "Magma Hoplon",
        "4821": "Amplification",
        "4822": "Boiling Point",
        "4829": "Barofield",
        "4945": "Provoke",
        "4946": "Shock Absorber",
        "4948": "Mana Converter",
        "4964": "Immortal Mind",
        "4965": "Immortal Shield",
        "4967": "Tribulation",
        "5101": "Demoralizing Roar",
        "5102": "Boiling Blood",
        "5103": "Granite Skin"
    },
    "anim_time": 0.5,
    "durations": {
        "Abrasive Tantara": 61.075999999992,
        "Absolute Terror": 40.509999999995,
        "Acid Bolt": 764.632,
        "Actinic Burst": 280.001,
        "Advancing March": 120.92,
        "Airy Shield": 60.472000000002,
        "Amplification": 90.615,
        "Aquaveil": 35817.402,
        "Arm Block": 27.322,
        "Army's Paeon": 120.686,
        "Army's Paeon II": 120.688,
        "Army's Paeon III": 120.655,
        "Army's Paeon IV": 227.872,
        "Army's Paeon V": 331.979,
        "Army's Paeon VI": 1744.865,
        "Auroral Drape": 60.549999999999,
        "Aurorastorm": 180.485,
        "Axial Bloom": 30.624,
        "Baraera": 666.521,
        "Barfira": 558.635,
        "Barfire": 666.479,
        "Barofield": 40.571,
        "Barparalyzra": 45.702,
        "Barpoisonra": 150.21,
        "Barsleepra": 480.33,
        "Barstone": 666.511,
        "Barstonra": 666.336,
        "Barwatera": 666.337,
        "Battlefield Elegy": 144.245,
        "Bind": 179.301,
        "Bindga": 90.151999999998,
        "Binding Wave": 33.013,
        "Bio": 99806.471,
        "Bio II": 336.061,
        "Bio III": 180.544,
        "Blade Madrigal": 798.224,
        "Blaze Spikes": 19065.287,
        "Blind": 8851.188,
        "Blind Bolt": 30.866999999999,
        "Blind II": 180.667,
        "Blindga": 180.665,
        "Blink": 34932.922,
        "Blood Weapon": 30.984,
        "Boiling Point": 180.553,
        "Break": 30.705,
        "Breakga": 60.608,
        "Bubble Curtain": 180.792,
        "Burn": 120.967,
        "Carnage Elegy": 1289.304,
        "Chainspell": 60.970000000002,
        "Chaotic Eye": 30.405999999999,
        "Choke": 121.283,
        "Cocoon": 107.119,
        "Cold Stare": 60.637,
        "Cold Wave": 90.471999999994,
        "Curse": 920.10200000001,
        "Deafening Tantara": 1615.875,
        "Death Trap": 60.491000000001,
        "Demonic Howl": 120.947,
        "Demoralizing Roar": 60.514000000003,
        "Deodorize": 58.903000000002,
        "Dia": 564.027,
        "Dia II": 5744.679,
        "Dia III": 180.558,
        "Diamondhide": 6.8019999999997,
        "Dokumori: Ichi": 60.618,
        "Dokumori: San": 360.563,
        "Dragonfoe Mambo": 120.895,
        "Dread Shriek": 99.586000000003,
        "Drown": 121.49,
        "Enaero": 5854.182,
        "Enblizzard": 14104.297,
        "Enervation": 80.722,
        "Enfire": 13479.152,
        "Enstone": 18432.154,
        "Enthunder": 8352.217,
        "Enwater": 8322.607,
        "Fanatic Dance": 60.934,
        "Fantod": 6.6280000000006,
        "Feather Barrier": 120.466,
        "Filamented Hold": 118.686,
        "Firestorm": 180.583,
        "Flame Armor": 269.256,
        "Flash": 1733.463,
        "Foe Lullaby": 158.717,
        "Foe Requiem": 69.38,
        "Foe Requiem II": 87.096,
        "Foe Requiem III": 65.101999999999,
        "Foe Requiem IV": 122.526,
        "Foe Requiem V": 127.457,
        "Foe Requiem VI": 543.441,
        "Frightful Roar": 269.20999999999,
        "Frost": 120.736,
        "Graviga": 119.873,
        "Gravity": 241.926,
        "Gravity Field": 858.006,
        "Hailstorm": 223.384,
        "Hard Membrane": 60.794000000002,
        "Harden Shell": 60.852000000001,
        "Haste": 46998.108,
        "Heavy Bellow": 6.0900000000038,
        "Hi-Freq Field": 229.223,
        "Hojo: Ichi": 177.473,
        "Hojo: Ni": 300.651,
        "Hojo: San": 420.079,
        "Horde Lullaby": 1560.526,
        "Howl": 180,
        "Hundred Fists": 61.174000000001,
        "Ice Spikes": 3165.174,
        "Immortal Mind": 180.455,
        "Infrasonics": 5638.24,
        "Ink Cloud": 120.629,
        "Intimidate": 3215.148,
        "Invincible": 35.302,
        "Invisible": 521.356,
        "Jettatura": 10.392,
        "Jubaku: Ichi": 180.511,
        "Jubaku: Ni": 4417.942,
        "Knight's Minne": 120.66,
        "Knight's Minne II": 120.689,
        "Knight's Minne III": 1259.258,
        "Knight's Minne IV": 652.779,
        "Kurayami: Ichi": 101.466,
        "Kurayami: Ni": 302.782,
        "Kurayami: San": 420.421,
        "Level 5 Petrify": 30.466,
        "Lowing": 60.716999999999,
        "Mage's Ballad": 488.873,
        "Mage's Ballad II": 240.979,
        "Magic Barrier": 61.177,
        "Magma Hoplon": 300.788,
        "Maiden's Virelai": 30.221,
        "Mana Converter": 30.978,
        "Meikyo Shisui": 91.736999999999,
        "Metallic Body": 300.265,
        "Mind Break": 120.667,
        "Molluscous Mutation": 60.386999999999,
        "Monomi: Ichi": 181.008,
        "Murk": 60.423000000001,
        "Numbing Noise": 5.2919999999995,
        "Occultation": 23.986000000001,
        "Palsy Pollen": 61.14,
        "Paralyga": 1865.261,
        "Paralysis Shower": 120.704,
        "Paralyze": 5849.481,
        "Paralyze II": 122.108,
        "Parry": 300.533,
        "Perfect Dodge": 31.275999999996,
        "Phalanx": 540.786,
        "Phalanx II": 180.267,
        "Photosynthesis": 30.583000000001,
        "Poison": 32.006,
        "Poison II": 120.802,
        "Poisonga": 2322.186,
        "Poisonga II": 1396.111,
        "Protect": 2785.687,
        "Protect II": 19822.126,
        "Protect III": 56444.507,
        "Protect IV": 8558.651,
        "Protect V": 3657.536,
        "Protectra": 1800.656,
        "Protectra II": 3565.637,
        "Protectra IV": 1800.609,
        "Quadrastrike": 45.523,
        "Rage": 69.434,
        "Rainstorm": 180.672,
        "Raptor Mazurka": 120.703,
        "Rasp": 120.789,
        "Reactor Cool": 60.733,
        "Refresh": 451.794,
        "Regen": 19661.258,
        "Regen II": 20441.644,
        "Regen III": 3669.438,
        "Regeneration": 60.642,
        "Reraise": 3600.537,
        "Rhino Guard": 60.389000000001,
        "Roar": 639.892,
        "Rot Gas": 235.195,
        "Sage Etude": 136.027,
        "Saline Coat": 61.3,
        "Sandstorm": 181.382,
        "Scissor Guard": 62.774,
        "Scouring Spate": 60.641999999999,
        "Secretion": 60.847,
        "Shadow Spread": 15.240999999998,
        "Sheep Song": 86.196,
        "Sheepfoe Mambo": 120.412,
        "Shell": 16150.263,
        "Shell Guard": 23.377,
        "Shell II": 20872.665,
        "Shell III": 1800.648,
        "Shell IV": 4885.562,
        "Shellra": 1800.753,
        "Shellra II": 2179.247,
        "Shock": 121.132,
        "Shock Absorber": 257.015,
        "Shock Spikes": 2262.826,
        "Sigh": 30.778,
        "Silence": 121.364,
        "Silencega": 120.941,
        "Silent Storm": 60.396000000001,
        "Sleep": 275.892,
        "Sleep Bolt": 25.320000000002,
        "Sleep II": 2080.367,
        "Sleepga": 1937.821,
        "Sleepga II": 3269.076,
        "Slow": 451.483,
        "Slow II": 403.044,
        "Slowga": 120.847,
        "Smokebomb": 120.547,
        "Sneak": 717.595,
        "Sonic Wave": 120.585,
        "Soporific": 90.979,
        "Soul Drain": 60.643000000001,
        "Soul Voice": 30.652,
        "Sound Blast": 30.544000000002,
        "Spectral Barrier": 60.398000000001,
        "Sticky Thread": 5455.947,
        "Stinking Gas": 60.453000000001,
        "Stoneskin": 15102.044,
        "Stun": 35.803000000003,
        "Stygian Flatus": 120.56,
        "Stygian Vapor": 60.654,
        "Sword Madrigal": 121.179,
        "Temporal Shift": 5.2739999999976,
        "Thunderstorm": 180.534,
        "Tonko: Ichi": 181.111,
        "Tonko: Ni": 253.132,
        "Tormentful Glare": 360.218,
        "Tribulation": 120.478,
        "Ultrasonics": 253.445,
        "Ululation": 120.534,
        "Utsusemi: Ichi": 900.372,
        "Utsusemi: Ni": 900.613,
        "Valor Minuet": 144.699,
        "Valor Minuet II": 144.695,
        "Valor Minuet III": 144.709,
        "Valor Minuet IV": 150.85200000001,
        "Venom Bolt": 1471.039,
        "Victory March": 120.716,
        "Voidstorm": 181.018,
        "Water Shield": 30.711999999998,
        "Water Wall": 60.634,
        "Whistle": 60.364,
        "Wind Wall": 60.273,
        "Winds of Oblivion": 75.161,
        "Windstorm": 180.437,
        "Yawn": 15.956,
        "Zephyr Mantle": 9.1689999999999
    },
    "font": {
        "bgcolor": 2147483648,
        "bgvisible": true,
        "color": 4294967295,
        "family": "Fira Code",
        "position": [ 1176, 813 ],
        "size": 10
    },
    "max_bar": 2,
    "scale": 1,
    "show_debuff": true,
    "theme": "darksouls"
}